MAE,RMSE,MAPE
35.18324588823922,42.307930096787295,14.575709723711766
